"","run","nPartitions","nTaxa","partitionSeqLength","totalSitePatterns","nCPU","instances","beagle","nGPU","time(minutes)"
"1",289,1,1000,500,455,1,"true","java",0,286.527333333333
"2",290,1,1000,500,455,1,"true","beagle_CPU",0,29.05845
"3",291,1,1000,500,455,1,"true","beagle_SSE",0,16.3620833333333
"4",292,1,1000,500,455,2,"true","java",0,69.0503333333333
"5",293,1,1000,500,455,2,"true","beagle_CPU",0,13.5299666666667
"6",294,1,1000,500,455,2,"true","beagle_SSE",0,13.58945
"7",295,1,1000,500,455,4,"true","java",0,93.49565
"8",296,1,1000,500,455,4,"true","beagle_CPU",0,12.8679833333333
"9",297,1,1000,500,455,4,"true","beagle_SSE",0,13.1363
"10",298,1,1000,500,455,6,"true","java",0,67.06685
"11",299,1,1000,500,455,6,"true","beagle_CPU",0,14.92625
"12",300,1,1000,500,455,6,"true","beagle_SSE",0,11.9513166666667
"13",301,1,1000,500,455,8,"true","java",0,55.1320166666667
"14",302,1,1000,500,455,8,"true","beagle_CPU",0,12.8055
"15",303,1,1000,500,455,8,"true","beagle_SSE",0,13.71575
"16",304,1,1000,500,455,1,"true","beagle_GPU",1,9.58193333333333
"17",305,1,1000,500,455,1,"true","beagle_GPU",2,9.51918333333333
"18",306,1,1000,500,455,1,"true","beagle_GPU",4,10.2959166666667
"19",307,1,1000,500,455,1,"false","java",0,66.29235
"20",308,1,1000,500,455,1,"false","beagle_CPU",0,12.8398
"21",309,1,1000,500,455,1,"false","beagle_SSE",0,13.2667833333333
"22",310,1,1000,500,455,2,"false","java",0,63.4566
"23",311,1,1000,500,455,2,"false","beagle_CPU",0,12.2278666666667
"24",312,1,1000,500,455,2,"false","beagle_SSE",0,12.0152
"25",313,1,1000,500,455,4,"false","java",0,92.5360666666667
"26",314,1,1000,500,455,4,"false","beagle_CPU",0,12.8625166666667
"27",315,1,1000,500,455,4,"false","beagle_SSE",0,11.6735166666667
"28",316,1,1000,500,455,6,"false","java",0,59.43935
"29",317,1,1000,500,455,6,"false","beagle_CPU",0,13.1692166666667
"30",318,1,1000,500,455,6,"false","beagle_SSE",0,14.5175166666667
"31",319,1,1000,500,455,8,"false","java",0,56.1900333333333
"32",320,1,1000,500,455,8,"false","beagle_CPU",0,11.9258833333333
"33",321,1,1000,500,455,8,"false","beagle_SSE",0,12.5584166666667
"34",322,1,1000,500,455,1,"false","beagle_GPU",1,9.48183333333333
"35",323,1,1000,500,455,1,"false","beagle_GPU",2,9.39385
"36",324,1,1000,500,455,1,"false","beagle_GPU",4,10.2712166666667
