"","run","nPartitions","nTaxa","partitionSeqLength","totalSitePatterns","nCPU","instances","beagle","nGPU","time(minutes)"
"1",793,6,100,100,539,1,"true","java",0,5.19086666666667
"2",794,6,100,100,539,1,"true","beagle_CPU",0,3.16373333333333
"3",795,6,100,100,539,1,"true","beagle_SSE",0,7.10558333333333
"4",796,6,100,100,539,2,"true","java",0,3.7321
"5",797,6,100,100,539,2,"true","beagle_CPU",0,3.86423333333333
"6",798,6,100,100,539,2,"true","beagle_SSE",0,4.12613333333333
"7",799,6,100,100,539,4,"true","java",0,4.44893333333333
"8",800,6,100,100,539,4,"true","beagle_CPU",0,3.97736666666667
"9",801,6,100,100,539,4,"true","beagle_SSE",0,4.86468333333333
"10",802,6,100,100,539,6,"true","java",0,2.43428333333333
"11",803,6,100,100,539,6,"true","beagle_CPU",0,3.87261666666667
"12",804,6,100,100,539,6,"true","beagle_SSE",0,3.24133333333333
"13",805,6,100,100,539,8,"true","java",0,3.08671666666667
"14",806,6,100,100,539,8,"true","beagle_CPU",0,2.5617
"15",807,6,100,100,539,8,"true","beagle_SSE",0,3.25203333333333
"16",808,6,100,100,539,1,"true","beagle_GPU",1,2.4706
"17",809,6,100,100,539,1,"true","beagle_GPU",2,2.39855
"18",810,6,100,100,539,1,"true","beagle_GPU",4,2.41056666666667
"19",811,6,100,100,539,1,"false","java",0,5.21243333333333
"20",812,6,100,100,539,1,"false","beagle_CPU",0,7.91928333333333
"21",813,6,100,100,539,1,"false","beagle_SSE",0,8.0872
"22",814,6,100,100,539,2,"false","java",0,3.62825
"23",815,6,100,100,539,2,"false","beagle_CPU",0,3.83758333333333
"24",816,6,100,100,539,2,"false","beagle_SSE",0,4.30346666666667
"25",817,6,100,100,539,4,"false","java",0,5.28085
"26",818,6,100,100,539,4,"false","beagle_CPU",0,2.81908333333333
"27",819,6,100,100,539,4,"false","beagle_SSE",0,2.64913333333333
"28",820,6,100,100,539,6,"false","java",0,3.79048333333333
"29",821,6,100,100,539,6,"false","beagle_CPU",0,2.6156
"30",822,6,100,100,539,6,"false","beagle_SSE",0,3.63836666666667
"31",823,6,100,100,539,8,"false","java",0,3.09128333333333
"32",824,6,100,100,539,8,"false","beagle_CPU",0,3.6311
"33",825,6,100,100,539,8,"false","beagle_SSE",0,3.22521666666667
"34",826,6,100,100,539,1,"false","beagle_GPU",1,2.42223333333333
"35",827,6,100,100,539,1,"false","beagle_GPU",2,2.38276666666667
"36",828,6,100,100,539,1,"false","beagle_GPU",4,2.40131666666667
