"","run","nPartitions","nTaxa","partitionSeqLength","totalSitePatterns","nCPU","instances","beagle","nGPU","time(minutes)"
"1",865,3,100,500,1304,1,"true","java",0,11.0197333333333
"2",866,3,100,500,1304,1,"true","beagle_CPU",0,5.25081666666667
"3",867,3,100,500,1304,1,"true","beagle_SSE",0,9.16163333333333
"4",868,3,100,500,1304,2,"true","java",0,7.17933333333333
"5",869,3,100,500,1304,2,"true","beagle_CPU",0,6.2067
"6",870,3,100,500,1304,2,"true","beagle_SSE",0,6.31663333333333
"7",871,3,100,500,1304,4,"true","java",0,5.70283333333333
"8",872,3,100,500,1304,4,"true","beagle_CPU",0,4.18738333333333
"9",873,3,100,500,1304,4,"true","beagle_SSE",0,4.10141666666667
"10",874,3,100,500,1304,6,"true","java",0,5.7689
"11",875,3,100,500,1304,6,"true","beagle_CPU",0,3.4661
"12",876,3,100,500,1304,6,"true","beagle_SSE",0,3.0558
"13",877,3,100,500,1304,8,"true","java",0,7.02863333333333
"14",878,3,100,500,1304,8,"true","beagle_CPU",0,2.5118
"15",879,3,100,500,1304,8,"true","beagle_SSE",0,2.5875
"16",880,3,100,500,1304,1,"true","beagle_GPU",1,2.08433333333333
"17",881,3,100,500,1304,1,"true","beagle_GPU",2,2.06808333333333
"18",882,3,100,500,1304,1,"true","beagle_GPU",4,2.0272
"19",883,3,100,500,1304,1,"false","java",0,10.98765
"20",884,3,100,500,1304,1,"false","beagle_CPU",0,9.14088333333333
"21",885,3,100,500,1304,1,"false","beagle_SSE",0,9.12833333333333
"22",886,3,100,500,1304,2,"false","java",0,6.70283333333333
"23",887,3,100,500,1304,2,"false","beagle_CPU",0,4.80045
"24",888,3,100,500,1304,2,"false","beagle_SSE",0,5.53446666666667
"25",889,3,100,500,1304,4,"false","java",0,4.38228333333333
"26",890,3,100,500,1304,4,"false","beagle_CPU",0,3.8774
"27",891,3,100,500,1304,4,"false","beagle_SSE",0,3.8174
"28",892,3,100,500,1304,6,"false","java",0,4.90173333333333
"29",893,3,100,500,1304,6,"false","beagle_CPU",0,2.323
"30",894,3,100,500,1304,6,"false","beagle_SSE",0,3.84775
"31",895,3,100,500,1304,8,"false","java",0,5.8893
"32",896,3,100,500,1304,8,"false","beagle_CPU",0,2.3889
"33",897,3,100,500,1304,8,"false","beagle_SSE",0,3.00906666666667
"34",898,3,100,500,1304,1,"false","beagle_GPU",1,2.14296666666667
"35",899,3,100,500,1304,1,"false","beagle_GPU",2,2.02375
"36",900,3,100,500,1304,1,"false","beagle_GPU",4,2.27076666666667
