"","run","nPartitions","nTaxa","partitionSeqLength","totalSitePatterns","nCPU","instances","beagle","nGPU","time(minutes)"
"1",829,9,100,100,807,1,"true","java",0,7.84055
"2",830,9,100,100,807,1,"true","beagle_CPU",0,11.47985
"3",831,9,100,100,807,1,"true","beagle_SSE",0,11.4153833333333
"4",832,9,100,100,807,2,"true","java",0,5.18016666666667
"5",833,9,100,100,807,2,"true","beagle_CPU",0,3.37841666666667
"6",834,9,100,100,807,2,"true","beagle_SSE",0,4.33243333333333
"7",835,9,100,100,807,4,"true","java",0,4.57788333333333
"8",836,9,100,100,807,4,"true","beagle_CPU",0,2.6381
"9",837,9,100,100,807,4,"true","beagle_SSE",0,3.48926666666667
"10",838,9,100,100,807,6,"true","java",0,3.52451666666667
"11",839,9,100,100,807,6,"true","beagle_CPU",0,4.7087
"12",840,9,100,100,807,6,"true","beagle_SSE",0,4.43428333333333
"13",841,9,100,100,807,8,"true","java",0,5.18301666666667
"14",842,9,100,100,807,8,"true","beagle_CPU",0,4.48681666666667
"15",843,9,100,100,807,8,"true","beagle_SSE",0,4.59995
"16",844,9,100,100,807,1,"true","beagle_GPU",1,3.54343333333333
"17",845,9,100,100,807,1,"true","beagle_GPU",2,3.49038333333333
"18",846,9,100,100,807,1,"true","beagle_GPU",4,3.4234
"19",847,9,100,100,807,1,"false","java",0,7.78343333333333
"20",848,9,100,100,807,1,"false","beagle_CPU",0,11.14475
"21",849,9,100,100,807,1,"false","beagle_SSE",0,7.18813333333333
"22",850,9,100,100,807,2,"false","java",0,5.19628333333333
"23",851,9,100,100,807,2,"false","beagle_CPU",0,5.11801666666667
"24",852,9,100,100,807,2,"false","beagle_SSE",0,9.87298333333333
"25",853,9,100,100,807,4,"false","java",0,4.70473333333333
"26",854,9,100,100,807,4,"false","beagle_CPU",0,7.16838333333333
"27",855,9,100,100,807,4,"false","beagle_SSE",0,6.48166666666667
"28",856,9,100,100,807,6,"false","java",0,6.8471
"29",857,9,100,100,807,6,"false","beagle_CPU",0,4.54056666666667
"30",858,9,100,100,807,6,"false","beagle_SSE",0,5.41811666666667
"31",859,9,100,100,807,8,"false","java",0,4.28046666666667
"32",860,9,100,100,807,8,"false","beagle_CPU",0,4.73648333333333
"33",861,9,100,100,807,8,"false","beagle_SSE",0,4.43293333333333
"34",862,9,100,100,807,1,"false","beagle_GPU",1,3.36861666666667
"35",863,9,100,100,807,1,"false","beagle_GPU",2,3.38415
"36",864,9,100,100,807,1,"false","beagle_GPU",4,3.39861666666667
