"","run","nPartitions","nTaxa","partitionSeqLength","totalSitePatterns","nCPU","instances","beagle","nGPU","time(minutes)"
"1",721,9,20,1000,7017,1,"true","java",0,20.8907333333333
"2",722,9,20,1000,7017,1,"true","beagle_CPU",0,10.4570666666667
"3",723,9,20,1000,7017,1,"true","beagle_SSE",0,12.9887
"4",724,9,20,1000,7017,2,"true","java",0,11.21525
"5",725,9,20,1000,7017,2,"true","beagle_CPU",0,7.82906666666667
"6",726,9,20,1000,7017,2,"true","beagle_SSE",0,5.9918
"7",727,9,20,1000,7017,4,"true","java",0,6.53835
"8",728,9,20,1000,7017,4,"true","beagle_CPU",0,4.6819
"9",729,9,20,1000,7017,4,"true","beagle_SSE",0,5.25406666666667
"10",730,9,20,1000,7017,6,"true","java",0,8.2203
"11",731,9,20,1000,7017,6,"true","beagle_CPU",0,2.47581666666667
"12",732,9,20,1000,7017,6,"true","beagle_SSE",0,5.36415
"13",733,9,20,1000,7017,8,"true","java",0,7.54728333333333
"14",734,9,20,1000,7017,8,"true","beagle_CPU",0,2.8863
"15",735,9,20,1000,7017,8,"true","beagle_SSE",0,2.64635
"16",736,9,20,1000,7017,1,"true","beagle_GPU",1,6.57326666666667
"17",737,9,20,1000,7017,1,"true","beagle_GPU",2,6.61496666666667
"18",738,9,20,1000,7017,1,"true","beagle_GPU",4,6.32711666666667
"19",739,9,20,1000,7017,1,"false","java",0,20.9058166666667
"20",740,9,20,1000,7017,1,"false","beagle_CPU",0,9.53563333333333
"21",741,9,20,1000,7017,1,"false","beagle_SSE",0,8.82861666666667
"22",742,9,20,1000,7017,2,"false","java",0,11.0653
"23",743,9,20,1000,7017,2,"false","beagle_CPU",0,5.01415
"24",744,9,20,1000,7017,2,"false","beagle_SSE",0,5.4198
"25",745,9,20,1000,7017,4,"false","java",0,9.57246666666667
"26",746,9,20,1000,7017,4,"false","beagle_CPU",0,6.26711666666667
"27",747,9,20,1000,7017,4,"false","beagle_SSE",0,5.4755
"28",748,9,20,1000,7017,6,"false","java",0,6.23546666666667
"29",749,9,20,1000,7017,6,"false","beagle_CPU",0,3.07126666666667
"30",750,9,20,1000,7017,6,"false","beagle_SSE",0,3.43706666666667
"31",751,9,20,1000,7017,8,"false","java",0,4.93576666666667
"32",752,9,20,1000,7017,8,"false","beagle_CPU",0,2.57626666666667
"33",753,9,20,1000,7017,8,"false","beagle_SSE",0,3.79898333333333
"34",754,9,20,1000,7017,1,"false","beagle_GPU",1,6.38536666666667
"35",755,9,20,1000,7017,1,"false","beagle_GPU",2,6.45098333333333
"36",756,9,20,1000,7017,1,"false","beagle_GPU",4,6.3184
