"","run","nPartitions","nTaxa","partitionSeqLength","totalSitePatterns","nCPU","instances","beagle","nGPU","time(minutes)"
"1",469,6,20,100,530,1,"true","java",0,1.67646666666667
"2",470,6,20,100,530,1,"true","beagle_CPU",0,2.06318333333333
"3",471,6,20,100,530,1,"true","beagle_SSE",0,1.9105
"4",472,6,20,100,530,2,"true","java",0,1.45836666666667
"5",473,6,20,100,530,2,"true","beagle_CPU",0,1.7016
"6",474,6,20,100,530,2,"true","beagle_SSE",0,1.67625
"7",475,6,20,100,530,4,"true","java",0,0.858383333333333
"8",476,6,20,100,530,4,"true","beagle_CPU",0,1.46443333333333
"9",477,6,20,100,530,4,"true","beagle_SSE",0,1.433
"10",478,6,20,100,530,6,"true","java",0,1.45375
"11",479,6,20,100,530,6,"true","beagle_CPU",0,1.98851666666667
"12",480,6,20,100,530,6,"true","beagle_SSE",0,1.4865
"13",481,6,20,100,530,8,"true","java",0,1.30023333333333
"14",482,6,20,100,530,8,"true","beagle_CPU",0,1.52773333333333
"15",483,6,20,100,530,8,"true","beagle_SSE",0,1.30348333333333
"16",484,6,20,100,530,1,"true","beagle_GPU",1,1.60583333333333
"17",485,6,20,100,530,1,"true","beagle_GPU",2,1.61436666666667
"18",486,6,20,100,530,1,"true","beagle_GPU",4,1.62281666666667
"19",487,6,20,100,530,1,"false","java",0,1.66988333333333
"20",488,6,20,100,530,1,"false","beagle_CPU",0,1.8385
"21",489,6,20,100,530,1,"false","beagle_SSE",0,1.85395
"22",490,6,20,100,530,2,"false","java",0,1.11061666666667
"23",491,6,20,100,530,2,"false","beagle_CPU",0,1.94668333333333
"24",492,6,20,100,530,2,"false","beagle_SSE",0,1.909
"25",493,6,20,100,530,4,"false","java",0,1.32018333333333
"26",494,6,20,100,530,4,"false","beagle_CPU",0,1.67375
"27",495,6,20,100,530,4,"false","beagle_SSE",0,1.6198
"28",496,6,20,100,530,6,"false","java",0,1.47976666666667
"29",497,6,20,100,530,6,"false","beagle_CPU",0,1.54606666666667
"30",498,6,20,100,530,6,"false","beagle_SSE",0,1.61688333333333
"31",499,6,20,100,530,8,"false","java",0,1.28061666666667
"32",500,6,20,100,530,8,"false","beagle_CPU",0,1.54581666666667
"33",501,6,20,100,530,8,"false","beagle_SSE",0,1.31911666666667
"34",502,6,20,100,530,1,"false","beagle_GPU",1,1.69463333333333
"35",503,6,20,100,530,1,"false","beagle_GPU",2,1.61431666666667
"36",504,6,20,100,530,1,"false","beagle_GPU",4,1.55693333333333
