"","run","nPartitions","nTaxa","partitionSeqLength","totalSitePatterns","nCPU","instances","beagle","nGPU","time(minutes)"
"1",649,3,20,1000,2362,1,"true","java",0,7.20351666666667
"2",650,3,20,1000,2362,1,"true","beagle_CPU",0,2.81008333333333
"3",651,3,20,1000,2362,1,"true","beagle_SSE",0,2.85326666666667
"4",652,3,20,1000,2362,2,"true","java",0,4.7682
"5",653,3,20,1000,2362,2,"true","beagle_CPU",0,2.80263333333333
"6",654,3,20,1000,2362,2,"true","beagle_SSE",0,2.71308333333333
"7",655,3,20,1000,2362,4,"true","java",0,3.87415
"8",656,3,20,1000,2362,4,"true","beagle_CPU",0,2.78785
"9",657,3,20,1000,2362,4,"true","beagle_SSE",0,2.384
"10",658,3,20,1000,2362,6,"true","java",0,3.26071666666667
"11",659,3,20,1000,2362,6,"true","beagle_CPU",0,1.6193
"12",660,3,20,1000,2362,6,"true","beagle_SSE",0,1.3117
"13",661,3,20,1000,2362,8,"true","java",0,4.5649
"14",662,3,20,1000,2362,8,"true","beagle_CPU",0,1.74388333333333
"15",663,3,20,1000,2362,8,"true","beagle_SSE",0,1.74223333333333
"16",664,3,20,1000,2362,1,"true","beagle_GPU",1,1.40166666666667
"17",665,3,20,1000,2362,1,"true","beagle_GPU",2,1.42813333333333
"18",666,3,20,1000,2362,1,"true","beagle_GPU",4,1.43595
"19",667,3,20,1000,2362,1,"false","java",0,7.1933
"20",668,3,20,1000,2362,1,"false","beagle_CPU",0,3.24061666666667
"21",669,3,20,1000,2362,1,"false","beagle_SSE",0,4.6979
"22",670,3,20,1000,2362,2,"false","java",0,4.6996
"23",671,3,20,1000,2362,2,"false","beagle_CPU",0,2.6891
"24",672,3,20,1000,2362,2,"false","beagle_SSE",0,2.74231666666667
"25",673,3,20,1000,2362,4,"false","java",0,3.26781666666667
"26",674,3,20,1000,2362,4,"false","beagle_CPU",0,1.9993
"27",675,3,20,1000,2362,4,"false","beagle_SSE",0,1.72941666666667
"28",676,3,20,1000,2362,6,"false","java",0,3.27095
"29",677,3,20,1000,2362,6,"false","beagle_CPU",0,1.78541666666667
"30",678,3,20,1000,2362,6,"false","beagle_SSE",0,1.92281666666667
"31",679,3,20,1000,2362,8,"false","java",0,3.65493333333333
"32",680,3,20,1000,2362,8,"false","beagle_CPU",0,1.77123333333333
"33",681,3,20,1000,2362,8,"false","beagle_SSE",0,1.5075
"34",682,3,20,1000,2362,1,"false","beagle_GPU",1,1.45741666666667
"35",683,3,20,1000,2362,1,"false","beagle_GPU",2,1.439
"36",684,3,20,1000,2362,1,"false","beagle_GPU",4,1.36425
