"","run","nPartitions","nTaxa","partitionSeqLength","totalSitePatterns","nCPU","instances","beagle","nGPU","time(minutes)"
"1",1117,6,250,100,549,1,"true","java",0,9.38093333333333
"2",1118,6,250,100,549,1,"true","beagle_CPU",0,15.3456666666667
"3",1119,6,250,100,549,1,"true","beagle_SSE",0,8.27031666666667
"4",1120,6,250,100,549,2,"true","java",0,5.31973333333333
"5",1121,6,250,100,549,2,"true","beagle_CPU",0,13.7476666666667
"6",1122,6,250,100,549,2,"true","beagle_SSE",0,14.9597666666667
"7",1123,6,250,100,549,4,"true","java",0,8.22765
"8",1124,6,250,100,549,4,"true","beagle_CPU",0,7.68425
"9",1125,6,250,100,549,4,"true","beagle_SSE",0,5.46911666666667
"10",1126,6,250,100,549,6,"true","java",0,4.165
"11",1127,6,250,100,549,6,"true","beagle_CPU",0,6.52996666666667
"12",1128,6,250,100,549,6,"true","beagle_SSE",0,7.06773333333333
"13",1129,6,250,100,549,8,"true","java",0,5.95381666666667
"14",1130,6,250,100,549,8,"true","beagle_CPU",0,5.48343333333333
"15",1131,6,250,100,549,8,"true","beagle_SSE",0,4.27465
"16",1132,6,250,100,549,1,"true","beagle_GPU",1,3.98256666666667
"17",1133,6,250,100,549,1,"true","beagle_GPU",2,3.98186666666667
"18",1134,6,250,100,549,1,"true","beagle_GPU",4,3.83761666666667
"19",1135,6,250,100,549,1,"false","java",0,10.2385333333333
"20",1136,6,250,100,549,1,"false","beagle_CPU",0,8.75835
"21",1137,6,250,100,549,1,"false","beagle_SSE",0,20.7918
"22",1138,6,250,100,549,2,"false","java",0,5.34745
"23",1139,6,250,100,549,2,"false","beagle_CPU",0,5.38963333333333
"24",1140,6,250,100,549,2,"false","beagle_SSE",0,9.76115
"25",1141,6,250,100,549,4,"false","java",0,8.07756666666667
"26",1142,6,250,100,549,4,"false","beagle_CPU",0,7.0812
"27",1143,6,250,100,549,4,"false","beagle_SSE",0,6.20108333333333
"28",1144,6,250,100,549,6,"false","java",0,3.27536666666667
"29",1145,6,250,100,549,6,"false","beagle_CPU",0,7.01628333333333
"30",1146,6,250,100,549,6,"false","beagle_SSE",0,6.36285
"31",1147,6,250,100,549,8,"false","java",0,6.25728333333333
"32",1148,6,250,100,549,8,"false","beagle_CPU",0,5.8365
"33",1149,6,250,100,549,8,"false","beagle_SSE",0,6.68488333333333
"34",1150,6,250,100,549,1,"false","beagle_GPU",1,3.85633333333333
"35",1151,6,250,100,549,1,"false","beagle_GPU",2,3.8624
"36",1152,6,250,100,549,1,"false","beagle_GPU",4,3.83186666666667
