"","run","nPartitions","nTaxa","partitionSeqLength","totalSitePatterns","nCPU","instances","beagle","nGPU","time(minutes)"
"1",1369,9,250,1000,7780,1,"true","java",0,114.240066666667
"2",1370,9,250,1000,7780,1,"true","beagle_CPU",0,90.7096333333333
"3",1371,9,250,1000,7780,1,"true","beagle_SSE",0,55.4253666666667
"4",1372,9,250,1000,7780,2,"true","java",0,80.5517666666667
"5",1373,9,250,1000,7780,2,"true","beagle_CPU",0,43.5770166666667
"6",1374,9,250,1000,7780,2,"true","beagle_SSE",0,31.0676166666667
"7",1375,9,250,1000,7780,4,"true","java",0,61.3068
"8",1376,9,250,1000,7780,4,"true","beagle_CPU",0,34.2784833333333
"9",1377,9,250,1000,7780,4,"true","beagle_SSE",0,25.7273833333333
"10",1378,9,250,1000,7780,6,"true","java",0,30.37705
"11",1379,9,250,1000,7780,6,"true","beagle_CPU",0,26.64405
"12",1380,9,250,1000,7780,6,"true","beagle_SSE",0,30.2987166666667
"13",1381,9,250,1000,7780,8,"true","java",0,29.0349333333333
"14",1382,9,250,1000,7780,8,"true","beagle_CPU",0,22.8113
"15",1383,9,250,1000,7780,8,"true","beagle_SSE",0,21.4329333333333
"16",1384,9,250,1000,7780,1,"true","beagle_GPU",1,8.19998333333333
"17",1385,9,250,1000,7780,1,"true","beagle_GPU",2,8.20045
"18",1386,9,250,1000,7780,1,"true","beagle_GPU",4,8.14273333333333
"19",1387,9,250,1000,7780,1,"false","java",0,115.153933333333
"20",1388,9,250,1000,7780,1,"false","beagle_CPU",0,51.3190833333333
"21",1389,9,250,1000,7780,1,"false","beagle_SSE",0,50.90785
"22",1390,9,250,1000,7780,2,"false","java",0,79.4498833333333
"23",1391,9,250,1000,7780,2,"false","beagle_CPU",0,37.2746166666667
"24",1392,9,250,1000,7780,2,"false","beagle_SSE",0,45.7793333333333
"25",1393,9,250,1000,7780,4,"false","java",0,57.9699833333333
"26",1394,9,250,1000,7780,4,"false","beagle_CPU",0,30.0942833333333
"27",1395,9,250,1000,7780,4,"false","beagle_SSE",0,28.7899166666667
"28",1396,9,250,1000,7780,6,"false","java",0,28.3294
"29",1397,9,250,1000,7780,6,"false","beagle_CPU",0,35.4682833333333
"30",1398,9,250,1000,7780,6,"false","beagle_SSE",0,35.4951
"31",1399,9,250,1000,7780,8,"false","java",0,39.9447666666667
"32",1400,9,250,1000,7780,8,"false","beagle_CPU",0,31.4735833333333
"33",1401,9,250,1000,7780,8,"false","beagle_SSE",0,30.6281666666667
"34",1402,9,250,1000,7780,1,"false","beagle_GPU",1,8.41483333333333
"35",1403,9,250,1000,7780,1,"false","beagle_GPU",2,8.30946666666667
"36",1404,9,250,1000,7780,1,"false","beagle_GPU",4,8.13336666666667
