"","run","nPartitions","nTaxa","partitionSeqLength","totalSitePatterns","nCPU","instances","beagle","nGPU","time(minutes)"
"1",145,1,250,500,437,1,"true","java",0,6.03933333333333
"2",146,1,250,500,437,1,"true","beagle_CPU",0,10.08505
"3",147,1,250,500,437,1,"true","beagle_SSE",0,2.4758
"4",148,1,250,500,437,2,"true","java",0,5.46778333333333
"5",149,1,250,500,437,2,"true","beagle_CPU",0,2.7082
"6",150,1,250,500,437,2,"true","beagle_SSE",0,3.17145
"7",151,1,250,500,437,4,"true","java",0,5.5873
"8",152,1,250,500,437,4,"true","beagle_CPU",0,2.44618333333333
"9",153,1,250,500,437,4,"true","beagle_SSE",0,2.34293333333333
"10",154,1,250,500,437,6,"true","java",0,5.28533333333333
"11",155,1,250,500,437,6,"true","beagle_CPU",0,2.34813333333333
"12",156,1,250,500,437,6,"true","beagle_SSE",0,2.65531666666667
"13",157,1,250,500,437,8,"true","java",0,5.34763333333333
"14",158,1,250,500,437,8,"true","beagle_CPU",0,2.412
"15",159,1,250,500,437,8,"true","beagle_SSE",0,2.38895
"16",160,1,250,500,437,1,"true","beagle_GPU",1,2.23818333333333
"17",161,1,250,500,437,1,"true","beagle_GPU",2,2.16081666666667
"18",162,1,250,500,437,1,"true","beagle_GPU",4,2.23468333333333
"19",163,1,250,500,437,1,"false","java",0,11.5158166666667
"20",164,1,250,500,437,1,"false","beagle_CPU",0,6.56596666666667
"21",165,1,250,500,437,1,"false","beagle_SSE",0,7.23695
"22",166,1,250,500,437,2,"false","java",0,5.41726666666667
"23",167,1,250,500,437,2,"false","beagle_CPU",0,5.39548333333333
"24",168,1,250,500,437,2,"false","beagle_SSE",0,5.19593333333333
"25",169,1,250,500,437,4,"false","java",0,5.39611666666667
"26",170,1,250,500,437,4,"false","beagle_CPU",0,2.21751666666667
"27",171,1,250,500,437,4,"false","beagle_SSE",0,2.35281666666667
"28",172,1,250,500,437,6,"false","java",0,5.30746666666667
"29",173,1,250,500,437,6,"false","beagle_CPU",0,2.68873333333333
"30",174,1,250,500,437,6,"false","beagle_SSE",0,3.01855
"31",175,1,250,500,437,8,"false","java",0,5.40446666666667
"32",176,1,250,500,437,8,"false","beagle_CPU",0,2.50281666666667
"33",177,1,250,500,437,8,"false","beagle_SSE",0,2.51521666666667
"34",178,1,250,500,437,1,"false","beagle_GPU",1,2.20243333333333
"35",179,1,250,500,437,1,"false","beagle_GPU",2,2.19871666666667
"36",180,1,250,500,437,1,"false","beagle_GPU",4,2.28928333333333
