"","run","nPartitions","nTaxa","partitionSeqLength","totalSitePatterns","nCPU","instances","beagle","nGPU","time(minutes)"
"1",1081,3,250,100,275,1,"true","java",0,5.45683333333333
"2",1082,3,250,100,275,1,"true","beagle_CPU",0,9.82098333333333
"3",1083,3,250,100,275,1,"true","beagle_SSE",0,9.58416666666667
"4",1084,3,250,100,275,2,"true","java",0,4.88371666666667
"5",1085,3,250,100,275,2,"true","beagle_CPU",0,8.77616666666667
"6",1086,3,250,100,275,2,"true","beagle_SSE",0,5.76556666666667
"7",1087,3,250,100,275,4,"true","java",0,4.81481666666667
"8",1088,3,250,100,275,4,"true","beagle_CPU",0,4.7586
"9",1089,3,250,100,275,4,"true","beagle_SSE",0,5.0219
"10",1090,3,250,100,275,6,"true","java",0,3.93293333333333
"11",1091,3,250,100,275,6,"true","beagle_CPU",0,4.74191666666667
"12",1092,3,250,100,275,6,"true","beagle_SSE",0,4.20885
"13",1093,3,250,100,275,8,"true","java",0,5.47266666666667
"14",1094,3,250,100,275,8,"true","beagle_CPU",0,3.36683333333333
"15",1095,3,250,100,275,8,"true","beagle_SSE",0,4.9259
"16",1096,3,250,100,275,1,"true","beagle_GPU",1,3.0647
"17",1097,3,250,100,275,1,"true","beagle_GPU",2,3.07296666666667
"18",1098,3,250,100,275,1,"true","beagle_GPU",4,2.91086666666667
"19",1099,3,250,100,275,1,"false","java",0,5.44841666666667
"20",1100,3,250,100,275,1,"false","beagle_CPU",0,4.64768333333333
"21",1101,3,250,100,275,1,"false","beagle_SSE",0,7.81923333333333
"22",1102,3,250,100,275,2,"false","java",0,3.83875
"23",1103,3,250,100,275,2,"false","beagle_CPU",0,3.73405
"24",1104,3,250,100,275,2,"false","beagle_SSE",0,6.13986666666667
"25",1105,3,250,100,275,4,"false","java",0,3.29993333333333
"26",1106,3,250,100,275,4,"false","beagle_CPU",0,5.49768333333333
"27",1107,3,250,100,275,4,"false","beagle_SSE",0,4.41181666666667
"28",1108,3,250,100,275,6,"false","java",0,6.04848333333333
"29",1109,3,250,100,275,6,"false","beagle_CPU",0,4.31076666666667
"30",1110,3,250,100,275,6,"false","beagle_SSE",0,4.15655
"31",1111,3,250,100,275,8,"false","java",0,3.27206666666667
"32",1112,3,250,100,275,8,"false","beagle_CPU",0,3.97543333333333
"33",1113,3,250,100,275,8,"false","beagle_SSE",0,3.185
"34",1114,3,250,100,275,1,"false","beagle_GPU",1,3.13506666666667
"35",1115,3,250,100,275,1,"false","beagle_GPU",2,2.9868
"36",1116,3,250,100,275,1,"false","beagle_GPU",4,2.94658333333333
