"","run","nPartitions","nTaxa","partitionSeqLength","totalSitePatterns","nCPU","instances","beagle","nGPU","time(minutes)"
"1",181,1,250,1000,864,1,"true","java",0,13.7193666666667
"2",182,1,250,1000,864,1,"true","beagle_CPU",0,6.04758333333333
"3",183,1,250,1000,864,1,"true","beagle_SSE",0,8.13123333333333
"4",184,1,250,1000,864,2,"true","java",0,11.9416666666667
"5",185,1,250,1000,864,2,"true","beagle_CPU",0,7.93395
"6",186,1,250,1000,864,2,"true","beagle_SSE",0,7.8642
"7",187,1,250,1000,864,4,"true","java",0,11.3349833333333
"8",188,1,250,1000,864,4,"true","beagle_CPU",0,6.6639
"9",189,1,250,1000,864,4,"true","beagle_SSE",0,7.6646
"10",190,1,250,1000,864,6,"true","java",0,10.5713666666667
"11",191,1,250,1000,864,6,"true","beagle_CPU",0,4.49848333333333
"12",192,1,250,1000,864,6,"true","beagle_SSE",0,4.48535
"13",193,1,250,1000,864,8,"true","java",0,10.5444333333333
"14",194,1,250,1000,864,8,"true","beagle_CPU",0,4.14218333333333
"15",195,1,250,1000,864,8,"true","beagle_SSE",0,3.9793
"16",196,1,250,1000,864,1,"true","beagle_GPU",1,2.26126666666667
"17",197,1,250,1000,864,1,"true","beagle_GPU",2,2.32425
"18",198,1,250,1000,864,1,"true","beagle_GPU",4,2.39381666666667
"19",199,1,250,1000,864,1,"false","java",0,10.5083833333333
"20",200,1,250,1000,864,1,"false","beagle_CPU",0,4.16601666666667
"21",201,1,250,1000,864,1,"false","beagle_SSE",0,6.69625
"22",202,1,250,1000,864,2,"false","java",0,11.1226
"23",203,1,250,1000,864,2,"false","beagle_CPU",0,6.98461666666667
"24",204,1,250,1000,864,2,"false","beagle_SSE",0,6.92716666666667
"25",205,1,250,1000,864,4,"false","java",0,11.0684833333333
"26",206,1,250,1000,864,4,"false","beagle_CPU",0,4.47646666666667
"27",207,1,250,1000,864,4,"false","beagle_SSE",0,6.08228333333333
"28",208,1,250,1000,864,6,"false","java",0,10.6782833333333
"29",209,1,250,1000,864,6,"false","beagle_CPU",0,4.03805
"30",210,1,250,1000,864,6,"false","beagle_SSE",0,3.97028333333333
"31",211,1,250,1000,864,8,"false","java",0,10.54615
"32",212,1,250,1000,864,8,"false","beagle_CPU",0,3.86353333333333
"33",213,1,250,1000,864,8,"false","beagle_SSE",0,4.42238333333333
"34",214,1,250,1000,864,1,"false","beagle_GPU",1,2.24146666666667
"35",215,1,250,1000,864,1,"false","beagle_GPU",2,2.22196666666667
"36",216,1,250,1000,864,1,"false","beagle_GPU",4,2.39668333333333
