"","run","nPartitions","nTaxa","partitionSeqLength","totalSitePatterns","nCPU","instances","beagle","nGPU","time(minutes)"
"1",1333,6,250,1000,5201,1,"true","java",0,80.6690166666667
"2",1334,6,250,1000,5201,1,"true","beagle_CPU",0,33.4614333333333
"3",1335,6,250,1000,5201,1,"true","beagle_SSE",0,41.4648333333333
"4",1336,6,250,1000,5201,2,"true","java",0,49.8943666666667
"5",1337,6,250,1000,5201,2,"true","beagle_CPU",0,24.6021166666667
"6",1338,6,250,1000,5201,2,"true","beagle_SSE",0,38.8608833333333
"7",1339,6,250,1000,5201,4,"true","java",0,37.5710666666667
"8",1340,6,250,1000,5201,4,"true","beagle_CPU",0,20.2801833333333
"9",1341,6,250,1000,5201,4,"true","beagle_SSE",0,19.7643
"10",1342,6,250,1000,5201,6,"true","java",0,23.8738333333333
"11",1343,6,250,1000,5201,6,"true","beagle_CPU",0,28.0773666666667
"12",1344,6,250,1000,5201,6,"true","beagle_SSE",0,26.93075
"13",1345,6,250,1000,5201,8,"true","java",0,16.2338166666667
"14",1346,6,250,1000,5201,8,"true","beagle_CPU",0,16.6128
"15",1347,6,250,1000,5201,8,"true","beagle_SSE",0,20.2229
"16",1348,6,250,1000,5201,1,"true","beagle_GPU",1,6.91425
"17",1349,6,250,1000,5201,1,"true","beagle_GPU",2,6.83958333333333
"18",1350,6,250,1000,5201,1,"true","beagle_GPU",4,6.85853333333333
"19",1351,6,250,1000,5201,1,"false","java",0,80.8030666666667
"20",1352,6,250,1000,5201,1,"false","beagle_CPU",0,52.10755
"21",1353,6,250,1000,5201,1,"false","beagle_SSE",0,52.2568666666667
"22",1354,6,250,1000,5201,2,"false","java",0,61.6539666666667
"23",1355,6,250,1000,5201,2,"false","beagle_CPU",0,27.6220333333333
"24",1356,6,250,1000,5201,2,"false","beagle_SSE",0,27.3035
"25",1357,6,250,1000,5201,4,"false","java",0,47.6930166666667
"26",1358,6,250,1000,5201,4,"false","beagle_CPU",0,18.9519
"27",1359,6,250,1000,5201,4,"false","beagle_SSE",0,18.6507166666667
"28",1360,6,250,1000,5201,6,"false","java",0,30.7431
"29",1361,6,250,1000,5201,6,"false","beagle_CPU",0,33.8014666666667
"30",1362,6,250,1000,5201,6,"false","beagle_SSE",0,34.6815333333333
"31",1363,6,250,1000,5201,8,"false","java",0,27.8292333333333
"32",1364,6,250,1000,5201,8,"false","beagle_CPU",0,31.3842333333333
"33",1365,6,250,1000,5201,8,"false","beagle_SSE",0,27.4459666666667
"34",1366,6,250,1000,5201,1,"false","beagle_GPU",1,7.04771666666667
"35",1367,6,250,1000,5201,1,"false","beagle_GPU",2,6.8952
"36",1368,6,250,1000,5201,1,"false","beagle_GPU",4,6.80881666666667
