"","run","nPartitions","nTaxa","partitionSeqLength","totalSitePatterns","nCPU","instances","beagle","nGPU","time(minutes)"
"1",1297,3,250,1000,2596,1,"true","java",0,47.0295166666667
"2",1298,3,250,1000,2596,1,"true","beagle_CPU",0,21.5725833333333
"3",1299,3,250,1000,2596,1,"true","beagle_SSE",0,33.3438833333333
"4",1300,3,250,1000,2596,2,"true","java",0,35.88395
"5",1301,3,250,1000,2596,2,"true","beagle_CPU",0,12.6128
"6",1302,3,250,1000,2596,2,"true","beagle_SSE",0,17.7863166666667
"7",1303,3,250,1000,2596,4,"true","java",0,30.0217166666667
"8",1304,3,250,1000,2596,4,"true","beagle_CPU",0,15.3472166666667
"9",1305,3,250,1000,2596,4,"true","beagle_SSE",0,13.4186166666667
"10",1306,3,250,1000,2596,6,"true","java",0,20.8315666666667
"11",1307,3,250,1000,2596,6,"true","beagle_CPU",0,19.7646166666667
"12",1308,3,250,1000,2596,6,"true","beagle_SSE",0,18.7671666666667
"13",1309,3,250,1000,2596,8,"true","java",0,16.6407
"14",1310,3,250,1000,2596,8,"true","beagle_CPU",0,9.72258333333333
"15",1311,3,250,1000,2596,8,"true","beagle_SSE",0,9.37053333333333
"16",1312,3,250,1000,2596,1,"true","beagle_GPU",1,5.15261666666667
"17",1313,3,250,1000,2596,1,"true","beagle_GPU",2,4.81775
"18",1314,3,250,1000,2596,1,"true","beagle_GPU",4,4.8156
"19",1315,3,250,1000,2596,1,"false","java",0,45.7552166666667
"20",1316,3,250,1000,2596,1,"false","beagle_CPU",0,14.7315
"21",1317,3,250,1000,2596,1,"false","beagle_SSE",0,15.07015
"22",1318,3,250,1000,2596,2,"false","java",0,35.6285
"23",1319,3,250,1000,2596,2,"false","beagle_CPU",0,18.35865
"24",1320,3,250,1000,2596,2,"false","beagle_SSE",0,16.2876666666667
"25",1321,3,250,1000,2596,4,"false","java",0,31.5307666666667
"26",1322,3,250,1000,2596,4,"false","beagle_CPU",0,13.0947833333333
"27",1323,3,250,1000,2596,4,"false","beagle_SSE",0,13.8950333333333
"28",1324,3,250,1000,2596,6,"false","java",0,14.1387833333333
"29",1325,3,250,1000,2596,6,"false","beagle_CPU",0,8.9729
"30",1326,3,250,1000,2596,6,"false","beagle_SSE",0,8.93386666666667
"31",1327,3,250,1000,2596,8,"false","java",0,19.8567333333333
"32",1328,3,250,1000,2596,8,"false","beagle_CPU",0,9.58168333333333
"33",1329,3,250,1000,2596,8,"false","beagle_SSE",0,17.5370666666667
"34",1330,3,250,1000,2596,1,"false","beagle_GPU",1,4.75225
"35",1331,3,250,1000,2596,1,"false","beagle_GPU",2,4.88461666666667
"36",1332,3,250,1000,2596,1,"false","beagle_GPU",4,4.78426666666667
